"","Taxa1","Site1","Site2","Spearman_r","p_value","adjust_p","Annotation"
"1","Micrococcus_luteus","Vf","Ll",0.791323894957193,3.51119756625125e-44,2.2055942112905e-41,"***"
"2","Micrococcus_luteus","Vf","Ac",0.75352726725226,6.40887085420284e-38,4.01385982152328e-35,"***"
"3","Moraxella_osloensis","Vf","Ll",0.727512403173898,3.11409318396332e-34,1.9469811422043e-31,"***"
"4","Staphylococcus_epidermidis","Vf","Ac",0.719792007924453,3.21028101439949e-33,2.0056351309843e-30,"***"
"5","Micrococcus_luteus","Ac","Ll",0.709115352398862,7.12764966003512e-32,2.62388852343634e-29,"***"
"6","Moraxella_osloensis","Vf","Ac",0.685440027055299,4.28481447277308e-29,1.14223834327587e-26,"***"
"7","Malassezia_restricta","Vf","Ac",0.662183781061053,1.30598054248598e-26,3.46651192635782e-24,"***"
"8","Micrococcus_luteus","Vf","Ub",0.633066039686192,8.51128600018409e-24,2.24905408564456e-21,"***"
"9","Malassezia_restricta","Fo","Ch",0.624309864909754,5.23228242951965e-23,1.375856321735e-20,"***"
"10","Malassezia_restricta","Vf","Ll",0.620432331838208,1.14829131198172e-22,3.01636336918124e-20,"***"
"11","Micrococcus_luteus","Ub","Ll",0.610022883851353,8.98190886227599e-22,2.35402540915677e-19,"***"
"12","Corynebacterium_pseudogenitalium","Vf","Ac",0.594508532431689,1.67982062248233e-20,4.39438231507885e-18,"***"
"13","Micrococcus_luteus","Ac","Ub",0.589544745626343,4.1483534840586e-20,1.08464252092898e-17,"***"
"14","Staphylococcus_epidermidis","Vf","Ll",0.584593771581213,1.00651784923003e-19,2.62977663140142e-17,"***"
"15","Malassezia_restricta","Ps","Sc",0.580514543423095,2.06584713753176e-19,4.70179921467783e-17,"***"
"16","Dermabacter_sp_HFH0086","Fo","Ac",0.580253944369779,2.16221926415511e-19,4.70179921467783e-17,"***"
"17","Malassezia_restricta","Ac","Ll",0.579938682922895,2.28471053568935e-19,4.96645516829516e-17,"***"
"18","Cutibacterium_acnes","Vf","Ac",0.568919222980575,1.51128901373999e-18,2.92945275905456e-16,"***"
"19","Micrococcus_luteus","Fo","Ub",0.5687690654147,1.54994913340938e-18,2.94459988696189e-16,"***"
"20","Moraxella_osloensis","Ac","Ll",0.561063179596369,5.57016974793093e-18,1.02492174718832e-15,"***"
"21","Staphylococcus_epidermidis","Ac","Ll",0.55798461051523,9.20054266111553e-18,1.69242576696223e-15,"***"
"22","Moraxella_osloensis","Vf","Ub",0.538040105132571,2.10227259761322e-16,3.85674202735814e-14,"***"
"23","Cutibacterium_acnes","Ac","Ub",0.526603165079127,1.15421742181851e-15,2.10695677853378e-13,"***"
"24","Cutibacterium_acnes","Ac","Ll",0.526429160729018,1.18392989042631e-15,2.16088390757664e-13,"***"
"25","Corynebacterium_kroppenstedtii","Vf","Ac",0.526306321631743,1.20535439390356e-15,2.19967066455627e-13,"***"
"26","Moraxella_osloensis","Ub","Ll",0.519728616789358,3.11617261743735e-15,5.67205180369462e-13,"***"
"27","Staphylococcus_hominis","Ac","Ll",0.517036981020379,4.5695122908966e-15,8.30906425125626e-13,"***"
"28","Cutibacterium_acnes","Vf","Ll",0.516294907372684,5.07512195545354e-15,9.22646396604748e-13,"***"
"29","Staphylococcus_hominis","Vf","Ac",0.513361251135341,7.66557597472561e-15,1.39138987185011e-12,"***"
"30","Micrococcus_luteus","Fo","Ll",0.500107326751095,4.7056730528998e-14,7.40503516425367e-12,"***"
"31","Corynebacterium_pseudogenitalium","Vf","Ll",0.492217390270398,1.33609531061446e-13,1.81825606054307e-11,"***"
"32","Micrococcus_luteus","Fo","Vf",0.486046547316927,2.96678090899651e-13,3.87672321918141e-11,"***"
"33","Cutibacterium_acnes","Ub","Ll",0.483778594464862,3.9616725295289e-13,5.17409089340429e-11,"***"
"34","Malassezia_restricta","Vf","Ub",0.483630300775091,4.03699760649792e-13,5.27219656603844e-11,"***"
"35","Staphylococcus_epidermidis","Vf","Ub",0.471989791972185,1.72193611695509e-12,2.23944997299678e-10,"***"
"36","Micrococcus_luteus","Fo","Ac",0.466614263329155,3.30363200505139e-12,4.28485905968447e-10,"***"
"37","Malassezia_restricta","Fo","Ub",0.465850817691144,3.62060843764016e-12,4.69550157688402e-10,"***"
"38","Corynebacterium_kroppenstedtii","Ac","Ll",0.465431785612958,3.8069673422312e-12,4.93668188210892e-10,"***"
"39","Moraxella_osloensis","Ac","Ub",0.460711777584895,6.66917352674466e-12,8.63499214313379e-10,"***"
"40","Malassezia_restricta","Fo","Vf",0.458123608240309,9.03677796915356e-12,1.16909209865475e-09,"***"
"41","Staphylococcus_caprae_capitis","Vf","Ac",0.455864526748702,1.17564423334774e-11,1.51930782674412e-09,"***"
"42","Staphylococcus_hominis","Vf","Ll",0.446250751039163,3.52583571101922e-11,4.13543492127617e-09,"***"
"43","Staphylococcus_hominis","Vf","Ub",0.440612627339457,6.60903004506306e-11,7.47330777916485e-09,"***"
"44","Staphylococcus_epidermidis","Ac","Ub",0.418861551112019,6.71522966373146e-10,7.20052276066715e-08,"***"
"45","Staphylococcus_epidermidis","Fo","Ch",0.417457925209994,7.75550811290772e-10,8.30754480018039e-08,"***"
"46","Cutibacterium_granulosum","Vf","Ac",0.416273251433762,8.75343913906678e-10,9.3701724940013e-08,"***"
"47","Malassezia_restricta","Ac","Ub",0.411342408538504,1.44142897099762e-09,1.43200431783211e-07,"***"
"48","Streptococcus_mitis_oralis_pneumoniae","Ps","Ax",0.411331115295689,1.4430631693223e-09,1.43200431783211e-07,"***"
"49","Staphylococcus_caprae_capitis","Ac","Ll",0.408478182616785,1.91873701787078e-09,1.84536720522795e-07,"***"
"50","Dermabacter_sp_HFH0086","Ac","Ub",0.407217804142732,2.17424195878641e-09,2.03421974969569e-07,"***"
"51","Malassezia_restricta","Ch","Vf",0.404241196171297,2.91498317338196e-09,2.66883114463821e-07,"***"
"52","Cutibacterium_acnes","Ps","Sc",0.400471612498182,4.20820826875992e-09,3.73506814140626e-07,"***"
"53","Corynebacterium_tuberculostearicum","Vf","Ac",0.398793656373885,4.94812448567248e-09,4.33382113156021e-07,"***"
"54","Cutibacterium_acnes","Vf","Ub",0.398778969474237,4.95512479639468e-09,4.33980239882055e-07,"***"
"55","Corynebacterium_kroppenstedtii","Ps","Sc",0.397209505123174,5.76093962186058e-09,5.0408490178472e-07,"***"
"56","Micrococcus_luteus","Fo","Ch",0.392394540715923,9.10201639840298e-09,7.78977830085715e-07,"***"
"57","Staphylococcus_epidermidis","Fo","Ac",0.392341233312926,9.14785110360223e-09,7.82874067303201e-07,"***"
"58","Corynebacterium_pseudogenitalium","Ac","Ll",0.389811583311761,1.15983076467824e-08,9.91546550105694e-07,"***"
"59","Staphylococcus_epidermidis","Fo","Vf",0.38905897214159,1.24421038620827e-08,1.0629303294191e-06,"***"
"60","Malassezia_restricta","Ch","Ub",0.388720957444255,1.28400524347068e-08,1.09685318130064e-06,"***"
"61","Brevibacterium_casei","Vf","Ac",0.388068114198316,1.36436702336941e-08,1.16506978336188e-06,"***"
"62","Staphylococcus_caprae_capitis","Vf","Ll",0.372019065857812,5.82423960892028e-08,4.54391441239817e-06,"***"
"63","Corynebacterium_kroppenstedtii","Fo","Ub",0.371381744151399,6.15988902822179e-08,4.80252688035856e-06,"***"
"64","Malassezia_restricta","Ub","Ll",0.370352590658791,6.74149913304413e-08,5.25209902919749e-06,"***"
"65","Staphylococcus_epidermidis","Ub","Ll",0.36828279672817,8.07511181736343e-08,6.2076941449142e-06,"***"
"66","Micrococcus_luteus","Ps","Sc",0.36420373523007,1.14825131896131e-07,8.72235336582143e-06,"***"
"67","Corynebacterium_tuberculostearicum","Vf","Ll",0.358928667588767,1.7973329175589e-07,1.32040875038574e-05,"***"
"68","Corynebacterium_kroppenstedtii","Vf","Ll",0.356601825480174,2.18450872014148e-07,1.59915451689502e-05,"***"
"69","Dermabacter_sp_HFH0086","Vf","Ub",-0.355334481941847,2.4278217466044e-07,1.73409798858957e-05,"***"
"70","Moraxella_osloensis","Fo","Ch",0.354444298419931,2.61403780254123e-07,1.86248613574629e-05,"***"
"71","Staphylococcus_epidermidis","Fo","Ub",0.34682979548054,4.87373253120051e-07,3.29266444295296e-05,"***"
"72","Corynebacterium_kroppenstedtii","Ch","Vf",0.345508527126567,5.42108593185478e-07,3.65835761098894e-05,"***"
"73","Finegoldia_magna","Fo","Ub",0.344108743746662,6.0649464351067e-07,4.01997147568744e-05,"***"
"74","Cutibacterium_avidum","Fo","Vf",0.340612379567612,8.00827113788489e-07,5.22685591006145e-05,"***"
"75","Cutibacterium_acnes","Fo","Ch",0.336385035770306,1.11566258149214e-06,6.98753956430128e-05,"***"
"76","Cutibacterium_avidum","Vf","Ac",0.335577501418992,1.18794882118357e-06,7.43641879190228e-05,"***"
"77","Corynebacterium_pseudogenitalium","Ps","Sc",0.328945892433547,1.97602936138342e-06,0.000119654436335368,"***"
"78","Moraxella_osloensis","Fo","Ub",0.325129106350663,2.63424072279307e-06,0.000156975949269998,"***"
"79","Malassezia_restricta","Ps","Vf",0.324072091378519,2.85059864746705e-06,0.000169669393373916,"***"
"80","Staphylococcus_epidermidis","Ch","Vf",0.321972680475964,3.33151077882707e-06,0.000192731240483312,"***"
"81","Cutibacterium_avidum","Ch","Ll",0.320913672810124,3.60248013759394e-06,0.000208207497918804,"***"
"82","Cutibacterium_avidum","Ac","Ub",0.320696738745879,3.66051671934416e-06,0.000211527993486034,"***"
"83","Cutibacterium_avidum","Vf","Ll",0.317440084624513,4.64614470574692e-06,0.00026222447996946,"***"
"84","Cutibacterium_avidum","Fo","Ub",0.317025534397538,4.78836560952914e-06,0.000267112104831562,"***"
"85","Corynebacterium_kroppenstedtii","Ch","Ac",0.314120576203311,5.90745972328003e-06,0.000326954341177796,"***"
"86","Malassezia_restricta","Sc","Ub",0.309200459640448,8.389172406976e-06,0.000443801438078225,"***"
"87","Cutibacterium_avidum","Fo","Ch",0.308806465965152,8.62579636950164e-06,0.000456224025475658,"***"
"88","Staphylococcus_hominis","Ub","Ll",0.305678947370703,1.07418125495312e-05,0.000554533328754086,"***"
"89","Malassezia_restricta","Fo","Sc",0.304222079497432,1.18874802014805e-05,0.000612529302564704,"***"
"90","Malassezia_restricta","Ch","Ll",0.303554558410904,1.24502294232872e-05,0.000636095045398685,"***"
"91","Staphylococcus_caprae_capitis","Vf","Ub",0.303312812129152,1.26601845390611e-05,0.000646704546595101,"***"
"92","Malassezia_restricta","Sc","Vf",0.302066519994098,1.37968418636631e-05,0.000699494611356167,"***"
"93","Malassezia_restricta","Fo","Ll",0.29938663241935,1.65764942960447e-05,0.000826436661452951,"***"
"94","Finegoldia_magna","Ps","Sc",0.298070678530159,1.81279128856798e-05,0.000901620441627499,"***"
"95","Staphylococcus_caprae_capitis","Ac","Ub",0.296984007466763,1.95115009338968e-05,0.000964078943526503,"***"
"96","Malassezia_restricta","Ch","Sc",0.296765865396155,1.98010174123566e-05,0.00096595595511311,"***"
"97","Moraxella_osloensis","Fo","Ll",0.295171887373496,2.20430962848198e-05,0.00107112603216977,"**"
"98","Staphylococcus_epidermidis","Fo","Ll",0.293884860686596,2.40262401409665e-05,0.00115692947617373,"**"
"99","Streptococcus_mitis_oralis_pneumoniae","Ps","Fo",0.287910618814706,3.56464764589874e-05,0.00164212978674581,"**"
"100","Finegoldia_magna","Vf","Ac",0.284817136575643,4.35744141437182e-05,0.00195132231490169,"**"
"101","Malassezia_globosa","Fo","Ch",0.280868610611223,5.61149301409362e-05,0.00245813865856795,"**"
"102","Micrococcus_luteus","Ax","Ch",0.280856497631117,5.61581605865949e-05,0.00245990484472139,"**"
"103","Cutibacterium_acnes","Ps","Ch",0.2793835893586,6.1654657024412e-05,0.00266884408776782,"**"
"104","Cutibacterium_acnes","Fo","Ll",0.277130428260707,7.1049488814824e-05,0.00303350259642486,"**"
"105","Cutibacterium_avidum","Ac","Ll",0.27712666265875,7.10662589310539e-05,0.00303411638805029,"**"
"106","Dermabacter_sp_HFH0086","Fo","Ll",-0.276202086747959,7.52982299250403e-05,0.00319029221740777,"**"
"107","Streptococcus_mitis_oralis_pneumoniae","Fo","Ch",0.271326772592069,0.000101807453025916,0.00418040431955653,"**"
"108","Streptococcus_mitis_oralis_pneumoniae","Fo","Ub",0.270712009282063,0.00010571165246301,0.00433355711455319,"**"
"109","Staphylococcus_hominis","Ax","Ch",0.269606477647437,0.000113087605945187,0.00461124173594636,"**"
"110","Malassezia_restricta","Ps","Fo",0.267973846416595,0.00012486570872266,0.00505095631652085,"**"
"111","Corynebacterium_pseudogenitalium","Fo","Ub",0.265721465320912,0.000143006641930109,0.00568890140169103,"**"
"112","Malassezia_restricta","Ch","Ac",0.264663196059472,0.000152355134046975,0.00602091279587363,"**"
"113","Cutibacterium_acnes","Ps","Ub",0.264423610590265,0.0001545493784092,0.00610496178290027,"**"
"114","Cutibacterium_granulosum","Fo","Ch",0.263949440564907,0.000158979356646838,0.00627301218662973,"**"
"115","Corynebacterium_kroppenstedtii","Fo","Vf",0.263757164190343,0.000160809283115602,0.00630858533681322,"**"
"116","Staphylococcus_epidermidis","Ps","Sc",0.261708796898521,0.000181563504560692,0.00705032064269529,"**"
"117","Cutibacterium_avidum","Ch","Vf",0.2614161879486,0.000184724492390144,0.00716340786170439,"**"
"118","Corynebacterium_tuberculostearicum","Ps","Sc",0.260213574367377,0.000198262909169069,0.00765421723935786,"**"
"119","Corynebacterium_kroppenstedtii","Fo","Ch",0.258886125614073,0.000214277855709998,0.00814339339087934,"**"
"120","Malassezia_restricta","Fo","Ac",0.257539620037651,0.000231747975211679,0.0087630267103113,"**"
"121","Malassezia_globosa","Ch","Ub",-0.256586106743421,0.000244911836144543,0.00916047971076068,"**"
"122","Corynebacterium_kroppenstedtii","Fo","Ll",0.254660492528934,0.000273644755054415,0.0101673646000931,"*"
"123","Staphylococcus_epidermidis","Ch","Ac",0.253733271989426,0.000288571293162587,0.0105907778880356,"*"
"124","Cutibacterium_acnes","Fo","Ub",0.251422785569639,0.000329122005991301,0.0118950690654172,"*"
"125","Finegoldia_magna","Vf","Ub",0.250870615807219,0.000339566782167249,0.0121918972549713,"*"
"126","Staphylococcus_epidermidis","Ax","Ll",0.248281681865117,0.00039277067977511,0.0138054773473626,"*"
"127","Micrococcus_luteus","Ch","Ub",0.247148986400268,0.000418396091940547,0.014625865267228,"*"
"128","Corynebacterium_kroppenstedtii","Vf","Ub",0.247049537904143,0.000420718400773358,0.0146973164809947,"*"
"129","Brevibacterium_casei","Ps","Sc",0.246756414404898,0.000427633060384817,0.0149306688513837,"*"
"130","Cutibacterium_acnes","Fo","Ac",0.241143028575714,0.00058213404511088,0.0193893674764542,"*"
"131","Staphylococcus_epidermidis","Ch","Ub",0.241035601109306,0.00058553987633486,0.0194654608178364,"*"
"132","Corynebacterium_kroppenstedtii","Ch","Ub",0.239303485601077,0.000643057952074737,0.0210757138310151,"*"
"133","Malassezia_restricta","Ps","Ac",0.23907626132895,0.000650978712306355,0.0213259347248056,"*"
"134","Staphylococcus_epidermidis","Ax","Ac",0.237838036974293,0.000695746708257607,0.0225511866820653,"*"
"135","Corynebacterium_kroppenstedtii","Ub","Ll",0.234328543042456,0.000838517428752062,0.0263355068817145,"*"
"136","Streptococcus_mitis_oralis_pneumoniae","Ax","Ch",0.232365776236543,0.000929672431754873,0.028779060516978,"*"
"137","Cutibacterium_granulosum","Ch","Vf",0.23228051046744,0.000933831523149253,0.0288448163879938,"*"
"138","Malassezia_restricta","Ps","Ub",0.23221954332491,0.000936815858451707,0.0289302333452412,"*"
"139","Cutibacterium_avidum","Fo","Ll",0.231500333375711,0.000972689105386908,0.0299559312332827,"*"
"140","Staphylococcus_hominis","Ac","Ub",0.231421221706044,0.000976711215095749,0.0300272622993908,"*"
"141","Malassezia_restricta","Sc","Ac",0.228980921188672,0.00110854323659767,0.0334015659174527,"*"
"142","Staphylococcus_caprae_capitis","Ps","Sc",0.227777410742541,0.00117940183404595,0.0351741154884931,"*"
"143","Streptococcus_mitis_oralis_pneumoniae","Ax","Fo",0.22507253574417,0.00135405908576376,0.0396162314654291,"*"
"144","Corynebacterium_pseudogenitalium","Ps","Ll",-0.223506410193042,0.0014657064031232,0.0424108127965037,"*"
"145","Cutibacterium_avidum","Vf","Ub",0.222738115511159,0.00152350029681558,0.0438493290407606,"*"
"146","Cutibacterium_granulosum","Ps","Sc",0.222456747225992,0.00154518174418475,0.0443218711640036,"*"
"147","Brevibacterium_casei","Ch","Sc",-0.221514551693487,0.00161985399637284,0.0463055066813719,"*"
"148","Finegoldia_magna","Sc","Ll",-0.219909822606808,0.00175465898481034,0.0494150540997755,"*"
"149","Corynebacterium_tuberculostearicum","Fo","Ch",0.217560510605303,0.00197052859000904,0.054457318846211,NA
"150","Corynebacterium_kroppenstedtii","Ps","Ll",0.215825022851113,0.0021452402808512,0.0584564138652785,NA
"151","Brevibacterium_casei","Ac","Ll",0.215391947302588,0.00219098085848006,0.0594802820081175,NA
"152","Cutibacterium_granulosum","Ch","Ac",0.214245536449005,0.0023163768262074,0.0624929369072874,NA
"153","Staphylococcus_hominis","Ps","Ll",-0.214215984530527,0.00231969380683148,0.0625797604635726,NA
"154","Malassezia_restricta","Ps","Ll",0.212707395992381,0.00249486719364432,0.0664783673131129,NA
"155","Micrococcus_luteus","Ax","Fo",0.211422597476065,0.00265343205067314,0.0698698054673371,NA
"156","Corynebacterium_tuberculostearicum","Fo","Ub",0.211173876576454,0.00268516426064611,0.0705265971265003,NA
"157","Brevibacterium_casei","Fo","Sc",0.211129464718173,0.00269086647441457,0.0706178247127229,NA
"158","Staphylococcus_epidermidis","Sc","Ll",0.210049342931243,0.00283297300214432,0.0738889383467077,NA
"159","Moraxella_osloensis","Ps","Sc",0.209985594384596,0.00284156886088273,0.0741016957208062,NA
"160","Moraxella_osloensis","Fo","Ac",0.209827927588323,0.00286293025976085,0.0745643917114676,NA
"161","Moraxella_osloensis","Fo","Vf",0.209250956091769,0.00294234697235232,0.0761214612361819,NA
"162","Cutibacterium_granulosum","Vf","Ll",0.206507008210255,0.00334802638124816,0.0846584600111484,NA
"163","Brevibacterium_casei","Ps","Ub",0.2056320192946,0.00348763770396578,0.0876996061693499,NA
"164","Staphylococcus_epidermidis","Ax","Vf",0.205151585671466,0.00356651083368604,0.0893550776497187,NA
"165","Cutibacterium_granulosum","Sc","Ll",-0.205113891379811,0.00357276674228101,0.0894541990370707,NA
"166","Cutibacterium_acnes","Ax","Ll",0.204905738579087,0.00360749141711272,0.0901810945695001,NA
"167","Cutibacterium_acnes","Sc","Ac",0.204579921368146,0.00366245711559094,0.0910737228160965,NA
"168","Brevibacterium_casei","Ch","Ub",0.204495604188217,0.00367680405687457,0.0913793514679587,NA
"169","Brevibacterium_casei","Ax","Fo",0.204130983260344,0.00373943149658216,0.0928047890066099,NA
"170","Malassezia_globosa","Fo","Vf",0.20061059863073,0.00439544976048597,0.105987832729265,NA
"171","Staphylococcus_caprae_capitis","Fo","Ub",0.200543814078782,0.00440883817884734,0.106215837939122,NA
"172","Streptococcus_mitis_oralis_pneumoniae","Fo","Ac",0.200533618101717,0.00441088540881999,0.106254049555839,NA
"173","Brevibacterium_casei","Ps","Ac",-0.200246086446309,0.00446897150146246,0.107300443905326,NA
"174","Malassezia_restricta","Ps","Ch",0.19997704843576,0.00452394350736056,0.108483649986634,NA
"175","Cutibacterium_acnes","Fo","Vf",0.197406435160879,0.00508065490200848,0.119268692627262,NA
"176","Staphylococcus_caprae_capitis","Fo","Ac",0.197256992654257,0.00511483370369278,0.119893374620192,NA
"177","Staphylococcus_caprae_capitis","Ub","Ll",0.197237581442874,0.00511928831716396,0.119994463075259,NA
"178","Staphylococcus_caprae_capitis","Ch","Ac",0.196715460409618,0.00524042122286612,0.122335990959422,NA
"179","Staphylococcus_caprae_capitis","Ch","Ub",0.195778267391456,0.00546431270636532,0.126567140564425,NA
"180","Cutibacterium_avidum","Sc","Ub",0.195358800402582,0.00556726879723682,0.128539558954492,NA
"181","Brevibacterium_casei","Vf","Ll",0.192709262805664,0.00625868405991273,0.141464666827545,NA
"182","Moraxella_osloensis","Ax","Ch",0.192420737546968,0.00633842730190726,0.142735041877518,NA
"183","Corynebacterium_tuberculostearicum","Ps","Ll",-0.191864476507413,0.00649473336233221,0.145534691661669,NA
"184","Micrococcus_luteus","Ch","Ac",0.187438886813408,0.00786598591556172,0.169345058414166,NA
"185","Staphylococcus_epidermidis","Ch","Ll",0.185559411466631,0.00852233075316871,0.180452792785379,NA
"186","Brevibacterium_casei","Ax","Sc",0.183266300894764,0.00938862072872159,0.194482156630544,NA
"187","Staphylococcus_caprae_capitis","Fo","Ch",0.183024524228047,0.00948435376302085,0.196099828211397,NA
"188","Staphylococcus_hominis","Ax","Fo",0.18285674917692,0.00955129217187002,0.197138104203663,NA
"189","Cutibacterium_avidum","Ps","Sc",0.182151274239859,0.00983735739267148,0.201731568112924,NA
"190","Corynebacterium_pseudogenitalium","Ps","Ub",-0.180885879999831,0.010369493164442,0.210454230109195,NA
"191","Corynebacterium_kroppenstedtii","Sc","Vf",-0.178943069764705,0.0112360136363916,0.224137164819675,NA
"192","Streptococcus_mitis_oralis_pneumoniae","Ax","Ub",0.177052300732177,0.0121399661369603,0.237741129225472,NA
"193","Finegoldia_magna","Ch","Ub",0.176398510436943,0.0124670925991367,0.242837073653071,NA
"194","Corynebacterium_tuberculostearicum","Ac","Ub",0.176005284901658,0.0126675536214981,0.245996864583538,NA
"195","Corynebacterium_kroppenstedtii","Ax","Ac",-0.175973687987888,0.012683783520077,0.246300717775453,NA
"196","Micrococcus_luteus","Ax","Ub",0.173544824159382,0.0139873478076646,0.265392297279279,NA
"197","Corynebacterium_tuberculostearicum","Ac","Ll",0.172194872976343,0.0147614452054503,0.276703517448451,NA
"198","Malassezia_restricta","Sc","Ll",0.171329281182707,0.0152772872920627,0.283548488527941,NA
"199","Malassezia_globosa","Ps","Sc",0.168061886665939,0.0173690409055612,0.312650630814074,NA
"200","Cutibacterium_avidum","Ax","Fo",-0.166090586755612,0.0187480932584169,0.331273013914537,NA
"201","Micrococcus_luteus","Sc","Vf",-0.166083690392884,0.0187530799071869,0.331335349604292,NA
"202","Corynebacterium_pseudogenitalium","Vf","Ub",0.165264500994005,0.0193536741484804,0.339481001067601,NA
"203","Corynebacterium_kroppenstedtii","Ch","Ll",0.165128209267847,0.0194551990540914,0.340895704119585,NA
"204","Cutibacterium_avidum","Ub","Ll",0.163516528035247,0.0206912113331941,0.357015652465446,NA
"205","Corynebacterium_kroppenstedtii","Ps","Ac",0.163484099048243,0.0207167631537764,0.357380802334502,NA
"206","Corynebacterium_pseudogenitalium","Ps","Vf",-0.161762551385319,0.0221129990349394,0.374745229138446,NA
"207","Streptococcus_mitis_oralis_pneumoniae","Ch","Ub",0.161711014057446,0.0221560204752905,0.37526964184038,NA
"208","Cutibacterium_acnes","Ch","Ub",0.161174589805228,0.0226081135642241,0.381349574421253,NA
"209","Micrococcus_luteus","Ch","Vf",0.160852943899525,0.0228829915123475,0.384616776271563,NA
"210","Cutibacterium_acnes","Ch","Ac",0.159530548087669,0.0240435930151003,0.399357243425524,NA
"211","Brevibacterium_casei","Ps","Ll",-0.157721054680723,0.0257135405418527,0.419488230432874,NA
"212","Cutibacterium_granulosum","Ax","Sc",-0.157143484127342,0.0262671125906531,0.426023477373215,NA
"213","Streptococcus_mitis_oralis_pneumoniae","Ps","Ac",-0.156413687658615,0.0269811757398609,0.43453545266756,NA
"214","Cutibacterium_acnes","Ch","Vf",0.1558914557457,0.0275023001801862,0.440979528906514,NA
"215","Brevibacterium_casei","Ax","Ac",-0.155698851765312,0.027696658738448,0.443110526309263,NA
"216","Streptococcus_mitis_oralis_pneumoniae","Ps","Ch",0.154632096298264,0.0287945479933218,0.455770302014103,NA
"217","Corynebacterium_pseudogenitalium","Ps","Ac",-0.15448836687623,0.0289452775520297,0.457818739847681,NA
"218","Staphylococcus_caprae_capitis","Fo","Sc",0.154312286504657,0.0291308518941587,0.46023408576325,NA
"219","Streptococcus_mitis_oralis_pneumoniae","Ax","Ll",0.154186752112193,0.0292637745163687,0.461629140303004,NA
"220","Staphylococcus_caprae_capitis","Ch","Sc",0.153205208912464,0.030321053002633,0.473719915231592,NA
"221","Staphylococcus_caprae_capitis","Fo","Vf",0.152416978213047,0.03119352154759,0.483406189558091,NA
"222","Staphylococcus_caprae_capitis","Sc","Ac",0.152048328407623,0.0316088509895146,0.487867441742984,NA
"223","Cutibacterium_acnes","Ch","Ll",0.152003357085197,0.0316598373672591,0.488461051641537,NA
"224","Moraxella_osloensis","Ch","Ub",0.151955379147285,0.0317143096564343,0.489093073002923,NA
"225","Cutibacterium_acnes","Ps","Ll",0.151505287632191,0.0322292210643405,0.495553503126745,NA
"226","Micrococcus_luteus","Ps","Vf",-0.150683686906494,0.0331874866918066,0.505932568543255,NA
"227","Dermabacter_sp_HFH0086","Vf","Ll",-0.14946905522819,0.034648427851582,0.522400845230765,NA
"228","Malassezia_restricta","Ax","Vf",-0.148950382668602,0.0352886907344714,0.52862201161874,NA
"229","Finegoldia_magna","Ch","Ll",-0.148344346649668,0.0360494642124137,0.537810832973426,NA
"230","Corynebacterium_kroppenstedtii","Ax","Ub",0.147666513529114,0.0369167616061388,0.547347698785163,NA
"231","Moraxella_osloensis","Ps","Ll",-0.147506472206911,0.0371240907340908,0.549409317620941,NA
"232","Malassezia_restricta","Ax","Ac",-0.146500749822863,0.0384496168664404,0.563628994775911,NA
"233","Cutibacterium_acnes","Ch","Sc",0.144946645441188,0.0405762940910825,0.585671827855469,NA
"234","Corynebacterium_pseudogenitalium","Sc","Ac",-0.144159841964425,0.0416901732796126,0.596010001122494,NA
"235","Streptococcus_mitis_oralis_pneumoniae","Fo","Ll",0.14368729277015,0.0423714281628014,0.603224760602174,NA
"236","Cutibacterium_avidum","Fo","Sc",-0.143434446456702,0.042739768157977,0.606725102050186,NA
"237","Micrococcus_luteus","Ax","Vf",0.143212395875058,0.0430654579631188,0.610038671081187,NA
"238","Cutibacterium_acnes","Ps","Ac",0.142970074251856,0.043423252860679,0.613587842748957,NA
"239","Corynebacterium_pseudogenitalium","Ac","Ub",0.14262249218055,0.0439408164807221,0.618281589890119,NA
"240","Corynebacterium_tuberculostearicum","Ub","Ll",0.142533957482055,0.0440734710389361,0.61957030762573,NA
"241","Corynebacterium_pseudogenitalium","Sc","Vf",-0.142342244210367,0.0443618716489033,0.622454233426496,NA
"242","Staphylococcus_hominis","Ps","Ac",-0.142322112123022,0.04439224850056,0.622810438008142,NA
"243","Staphylococcus_hominis","Ps","Ub",-0.142071767847718,0.0447714445765823,0.626714067251205,NA
"244","Cutibacterium_acnes","Sc","Ll",0.141947261602592,0.0449610412117078,0.628658406844149,NA
"245","Micrococcus_luteus","Ps","Ac",-0.140290446178303,0.047548627196305,0.654015144600224,NA
"246","Staphylococcus_caprae_capitis","Ps","Fo",0.139860122735878,0.0482406645503335,0.660150133326415,NA
"247","Staphylococcus_caprae_capitis","Ch","Vf",0.139577003221265,0.0487005354901665,0.664093113976665,NA
"248","Corynebacterium_kroppenstedtii","Ac","Ub",0.139252218941415,0.049232575320507,0.669091133314649,NA
"249","Cutibacterium_granulosum","Ax","Ll",0.139111271064633,0.0494649680852106,0.671394796044693,NA
"250","Micrococcus_luteus","Ch","Ll",0.138954151070232,0.0497251008809288,0.673985067007979,NA
"251","Streptococcus_mitis_oralis_pneumoniae","Ac","Ll",0.136847056736815,0.0533250481503337,0.706473896417363,NA
"252","Cutibacterium_acnes","Ax","Vf",0.136152121281838,0.0545587009783163,0.717887244526348,NA
"253","Staphylococcus_caprae_capitis","Sc","Vf",0.13613388903731,0.0545913823337819,0.718212358639373,NA
"254","Corynebacterium_pseudogenitalium","Ch","Ll",-0.136002850247678,0.0548267468412626,0.720287925166376,NA
"255","Corynebacterium_kroppenstedtii","Sc","Ll",-0.134488134041247,0.0576088554421113,0.744725823866296,NA
"256","Streptococcus_mitis_oralis_pneumoniae","Ps","Ll",0.134177760326142,0.0581930678561613,0.749420431907582,NA
"257","Corynebacterium_pseudogenitalium","Fo","Sc",-0.134014232762098,0.0585028332403942,0.75151055533476,NA
"258","Corynebacterium_kroppenstedtii","Sc","Ac",-0.13283488032061,0.0607773133585513,0.771531107849304,NA
"259","Cutibacterium_granulosum","Ac","Ub",0.13248611953062,0.0614636913510069,0.776491402852202,NA
"260","Finegoldia_magna","Ps","Ll",-0.132348924807372,0.0617354369153642,0.778907292349256,NA
"261","Malassezia_globosa","Ps","Ub",0.13174238909632,0.0629486710773646,0.789186130513307,NA
"262","Cutibacterium_granulosum","Fo","Ub",0.131408201385333,0.063625450585037,0.79472662422593,NA
"263","Cutibacterium_avidum","Ps","Vf",0.131366948542704,0.0637094057762451,0.795528299398086,NA
"264","Cutibacterium_granulosum","Sc","Ac",-0.130711818151587,0.065054901216411,0.806129917869158,NA
"265","Brevibacterium_casei","Sc","Ll",-0.130461554188878,0.0655749908429789,0.810541609109905,NA
"266","Micrococcus_luteus","Ps","Ll",-0.129071019217009,0.068527048841554,0.834391111240221,NA
"267","Cutibacterium_avidum","Ch","Sc",-0.128803255035251,0.069107766003743,0.839181433023539,NA
"268","Corynebacterium_tuberculostearicum","Ps","Fo",0.128609656161962,0.0695301300617786,0.842630867613847,NA
"269","Cutibacterium_avidum","Ax","Ch",-0.127545263566404,0.0718899793984141,0.860718274676712,NA
"270","Cutibacterium_acnes","Ps","Fo",0.126885172129303,0.0733858867277266,0.872598793098008,NA
"271","Moraxella_osloensis","Ps","Vf",-0.126713491911673,0.0737790632029982,0.875515971412477,NA
"272","Dermabacter_sp_HFH0086","Ax","Fo",-0.126408103102147,0.0744826780680275,0.879804327680948,NA
"273","Finegoldia_magna","Fo","Vf",0.125795189645163,0.0759112456252219,0.890577591237433,NA
"274","Staphylococcus_epidermidis","Sc","Vf",0.125678006575639,0.0761868838865197,0.893052201477194,NA
"275","Finegoldia_magna","Ps","Ch",0.12558571848446,0.0764045339252807,0.894604929066573,NA
"276","Cutibacterium_avidum","Ps","Ac",0.125498759466512,0.0766100761960767,0.896117417616836,NA
"277","Corynebacterium_kroppenstedtii","Ps","Ch",0.125141471691531,0.0774592861744368,0.902215996025753,NA
"278","Cutibacterium_avidum","Ch","Ac",0.124763332699497,0.0783663286486554,0.908954737981589,NA
"279","Corynebacterium_pseudogenitalium","Ax","Ch",-0.124729266537528,0.0784484627145936,0.909487455554386,NA
"280","Brevibacterium_casei","Vf","Ub",0.123684003426665,0.0810025859617222,0.928136687849518,NA
"281","Cutibacterium_granulosum","Ps","Ub",-0.123664859375469,0.0810499822582703,0.928527232559836,NA
"282","Corynebacterium_tuberculostearicum","Ps","Ch",0.123477396292216,0.0815152795245955,0.931856127104763,NA
"283","Brevibacterium_casei","Fo","Ll",-0.120888141086702,0.0881646470490977,0.974711930854073,NA
"284","Malassezia_globosa","Fo","Sc",0.120684883506459,0.0887044815519458,0.978362895751103,NA
"285","Corynebacterium_kroppenstedtii","Ps","Vf",0.120666717738931,0.0887528566612528,0.978777190690129,NA
"286","Corynebacterium_tuberculostearicum","Sc","Ll",-0.120511198055707,0.0891678667337795,0.981833160524494,NA
"287","Staphylococcus_hominis","Ch","Ac",0.120364933067456,0.0895595944940755,0.984649351103894,NA
"288","Cutibacterium_avidum","Ax","Ub",-0.120096423554198,0.0902822968597518,0.989515043716959,NA
"289","Brevibacterium_casei","Ax","Ch",0.119116853764415,0.0929584065523867,1,NA
"290","Micrococcus_luteus","Ax","Sc",-0.118306847164582,0.0952186832083671,1,NA
"291","Corynebacterium_pseudogenitalium","Ch","Vf",-0.117827145429308,0.0965777240034569,1,NA
"292","Cutibacterium_granulosum","Vf","Ub",0.11719940222555,0.0983793897657135,1,NA
"293","Finegoldia_magna","Sc","Ac",-0.116260275423375,0.101124365390874,1,NA
"294","Staphylococcus_hominis","Ch","Ub",0.116248736194551,0.10115846614379,1,NA
"295","Malassezia_restricta","Ax","Ll",-0.116117062637312,0.101548232128664,1,NA
"296","Staphylococcus_epidermidis","Ps","Vf",0.115397930084114,0.103697912550937,1,NA
"297","Staphylococcus_caprae_capitis","Sc","Ub",0.115166070112251,0.104398604153252,1,NA
"298","Malassezia_globosa","Ps","Fo",0.115018867638056,0.104845389978639,1,NA
"299","Corynebacterium_tuberculostearicum","Fo","Sc",0.11417314214622,0.107441576002543,1,NA
"300","Finegoldia_magna","Fo","Ch",0.114119480126739,0.107607995940619,1,NA
"301","Cutibacterium_acnes","Ps","Vf",0.113473336833421,0.109627797574321,1,NA
"302","Micrococcus_luteus","Ps","Ub",-0.11325491224642,0.110317264362127,1,NA
"303","Cutibacterium_avidum","Ax","Ll",-0.112927963142079,0.111355640325767,1,NA
"304","Streptococcus_mitis_oralis_pneumoniae","Ub","Ll",0.112842199689441,0.111629284709048,1,NA
"305","Cutibacterium_avidum","Sc","Ac",0.112605690310936,0.112386640765003,1,NA
"306","Cutibacterium_granulosum","Ax","Fo",0.112378301129108,0.113118577236295,1,NA
"307","Cutibacterium_granulosum","Ac","Ll",0.112250238787915,0.113532431150792,1,NA
"308","Cutibacterium_acnes","Ax","Sc",0.112136920341537,0.113899623958836,1,NA
"309","Staphylococcus_caprae_capitis","Ax","Fo",0.111959295878459,0.114477058121535,1,NA
"310","Streptococcus_mitis_oralis_pneumoniae","Sc","Vf",-0.111867898969164,0.114775067218814,1,NA
"311","Corynebacterium_kroppenstedtii","Ax","Ch",0.111647057818204,0.115497642739203,1,NA
"312","Cutibacterium_avidum","Ch","Ub",0.111284608059809,0.11669123840653,1,NA
"313","Cutibacterium_acnes","Sc","Ub",0.110747934820397,0.118476206255278,1,NA
"314","Finegoldia_magna","Ax","Ll",0.110142641975589,0.12051482037068,1,NA
"315","Staphylococcus_hominis","Sc","Ll",-0.109833136147224,0.1215677054381,1,NA
"316","Streptococcus_mitis_oralis_pneumoniae","Ps","Ub",0.108551000224314,0.12600550509219,1,NA
"317","Corynebacterium_tuberculostearicum","Vf","Ub",0.108506716560482,0.126160990103197,1,NA
"318","Streptococcus_mitis_oralis_pneumoniae","Ax","Ac",-0.108244029266489,0.127086365928129,1,NA
"319","Staphylococcus_epidermidis","Ch","Sc",0.107779651535019,0.128735055144195,1,NA
"320","Cutibacterium_granulosum","Ps","Vf",-0.107640064697657,0.12923384337359,1,NA
"321","Brevibacterium_casei","Ax","Ub",0.107031446636218,0.131426053516184,1,NA
"322","Staphylococcus_caprae_capitis","Ps","Ub",0.10590692760169,0.135551630813423,1,NA
"323","Cutibacterium_granulosum","Sc","Ub",-0.105871251739544,0.135684122808072,1,NA
"324","Cutibacterium_avidum","Ax","Vf",-0.105398945382,0.137447528988234,1,NA
"325","Micrococcus_luteus","Sc","Ll",-0.10537276712836,0.1375457788603,1,NA
"326","Finegoldia_magna","Ps","Ub",-0.105028395153943,0.138843253288998,1,NA
"327","Corynebacterium_pseudogenitalium","Ch","Ac",-0.104642499682994,0.140308265526221,1,NA
"328","Brevibacterium_casei","Ps","Vf",-0.104480937234745,0.140925113340779,1,NA
"329","Finegoldia_magna","Ch","Sc",0.103398101851571,0.14511292069157,1,NA
"330","Micrococcus_luteus","Ax","Ac",0.102173731024272,0.149961313227047,1,NA
"331","Cutibacterium_granulosum","Ax","Vf",0.102114429409601,0.150199217951845,1,NA
"332","Staphylococcus_caprae_capitis","Ps","Ch",-0.101840471517357,0.151301984235428,1,NA
"333","Corynebacterium_pseudogenitalium","Ax","Ac",0.101281345298586,0.153571622040449,1,NA
"334","Streptococcus_mitis_oralis_pneumoniae","Ch","Vf",0.100533509993568,0.156647315250321,1,NA
"335","Cutibacterium_acnes","Fo","Sc",0.100144153820189,0.158266896003197,1,NA
"336","Brevibacterium_casei","Ax","Vf",-0.0994752310313406,0.161078703607389,1,NA
"337","Malassezia_globosa","Vf","Ll",0.0990793884195066,0.162760166711934,1,NA
"338","Finegoldia_magna","Fo","Ll",-0.0989870717435016,0.163154192835302,1,NA
"339","Corynebacterium_tuberculostearicum","Ch","Ac",0.0986767317547683,0.16448401966598,1,NA
"340","Staphylococcus_hominis","Ps","Sc",0.0980856643187645,0.167039163443747,1,NA
"341","Finegoldia_magna","Ax","Ac",0.0978459946225643,0.168083632036164,1,NA
"342","Malassezia_restricta","Ax","Sc",-0.0973066085625184,0.170452036163549,1,NA
"343","Cutibacterium_granulosum","Ub","Ll",0.097178010274582,0.171020347476676,1,NA
"344","Finegoldia_magna","Ac","Ll",-0.0965865306939184,0.173652401764699,1,NA
"345","Moraxella_osloensis","Ch","Sc",0.0961591434035582,0.175572864167916,1,NA
"346","Cutibacterium_avidum","Ax","Ac",-0.0951759827419977,0.180050296560744,1,NA
"347","Corynebacterium_kroppenstedtii","Fo","Ac",0.0949415189802257,0.181130399277218,1,NA
"348","Corynebacterium_pseudogenitalium","Fo","Ch",0.0944400704286764,0.183456426582444,1,NA
"349","Corynebacterium_kroppenstedtii","Ps","Ub",0.094327387720497,0.183982127036005,1,NA
"350","Malassezia_globosa","Ub","Ll",-0.093643825919521,0.187194902861713,1,NA
"351","Staphylococcus_caprae_capitis","Fo","Ll",0.0931558598665323,0.189513389722754,1,NA
"352","Corynebacterium_tuberculostearicum","Ax","Ac",0.0924740600230943,0.192787915913807,1,NA
"353","Streptococcus_mitis_oralis_pneumoniae","Sc","Ll",0.0921075599640559,0.194565089576342,1,NA
"354","Cutibacterium_avidum","Ps","Ll",0.0918045812790252,0.196043228270123,1,NA
"355","Brevibacterium_casei","Fo","Ch",0.0914763748023626,0.197653641375207,1,NA
"356","Corynebacterium_pseudogenitalium","Ax","Ll",0.0914128543497187,0.197966423993956,1,NA
"357","Staphylococcus_hominis","Fo","Ll",0.0910374095215281,0.199822501899847,1,NA
"358","Moraxella_osloensis","Ps","Ac",-0.0906439071934103,0.201781353510919,1,NA
"359","Cutibacterium_granulosum","Ch","Ub",0.0903738924387204,0.203133498976478,1,NA
"360","Cutibacterium_granulosum","Ax","Ch",-0.0891788186537739,0.209196677502635,1,NA
"361","Brevibacterium_casei","Ac","Ub",0.0883242132162096,0.213611561957713,1,NA
"362","Staphylococcus_caprae_capitis","Ax","Sc",-0.0880196357624725,0.21520101959663,1,NA
"363","Staphylococcus_caprae_capitis","Ps","Ax",-0.0880114838920046,0.215243676566771,1,NA
"364","Brevibacterium_casei","Ub","Ll",0.0878017078912166,0.216343469271805,1,NA
"365","Finegoldia_magna","Ps","Ac",-0.0876321795724451,0.217235183848983,1,NA
"366","Malassezia_restricta","Ax","Ch",-0.0871029593871211,0.220035738211474,1,NA
"367","Staphylococcus_epidermidis","Fo","Sc",0.0868871716583539,0.221185001331154,1,NA
"368","Micrococcus_luteus","Ps","Ax",0.0861425816378591,0.225183378261968,1,NA
"369","Staphylococcus_hominis","Ch","Vf",0.0859910557387533,0.226003292234325,1,NA
"370","Cutibacterium_granulosum","Ps","Fo",-0.0857746259261039,0.227178067988133,1,NA
"371","Staphylococcus_epidermidis","Sc","Ub",0.0845561473684971,0.233872588011785,1,NA
"372","Corynebacterium_pseudogenitalium","Sc","Ll",-0.0838580616085613,0.237769912813644,1,NA
"373","Moraxella_osloensis","Sc","Vf",-0.0836142143237588,0.23914194859808,1,NA
"374","Brevibacterium_casei","Sc","Ac",-0.0833389995702959,0.240697123560177,1,NA
"375","Brevibacterium_casei","Ps","Fo",0.0827235706353234,0.244200313816297,1,NA
"376","Dermabacter_sp_HFH0086","Ax","Ll",0.0823127064328019,0.246558751380764,1,NA
"377","Staphylococcus_epidermidis","Ps","Ub",0.0818273015564748,0.249365418286654,1,NA
"378","Staphylococcus_hominis","Ax","Vf",0.0817632139431634,0.249737629689865,1,NA
"379","Corynebacterium_kroppenstedtii","Ps","Ax",0.0814479102946994,0.251574475802853,1,NA
"380","Staphylococcus_epidermidis","Ps","Ac",0.0807479320211404,0.25568566497198,1,NA
"381","Cutibacterium_granulosum","Fo","Sc",-0.0801176736327812,0.259426805719954,1,NA
"382","Staphylococcus_hominis","Ax","Ac",0.0800895713754212,0.25959448908441,1,NA
"383","Staphylococcus_epidermidis","Ps","Ll",0.0800880175948146,0.259603762510553,1,NA
"384","Malassezia_globosa","Ac","Ub",0.0797989872762903,0.261332742526347,1,NA
"385","Finegoldia_magna","Ax","Vf",0.0792601267766879,0.264577263937223,1,NA
"386","Streptococcus_mitis_oralis_pneumoniae","Ch","Ll",0.0785115846849285,0.269129849674427,1,NA
"387","Cutibacterium_acnes","Ax","Ac",0.0778747454415823,0.273044844977079,1,NA
"388","Staphylococcus_hominis","Ps","Fo",0.0772931524577509,0.276653823342634,1,NA
"389","Staphylococcus_caprae_capitis","Ax","Ac",0.0772732703751069,0.276777766052201,1,NA
"390","Malassezia_globosa","Fo","Ll",-0.0770118538585292,0.278410901234558,1,NA
"391","Cutibacterium_granulosum","Ax","Ub",0.0761020792848075,0.284145153207058,1,NA
"392","Staphylococcus_hominis","Ps","Vf",-0.075254320153272,0.289559452655349,1,NA
"393","Cutibacterium_granulosum","Sc","Vf",-0.0743256644238823,0.295569045194227,1,NA
"394","Corynebacterium_tuberculostearicum","Ch","Ub",0.0743197025348484,0.29560789207759,1,NA
"395","Finegoldia_magna","Ub","Ll",-0.0738234040075198,0.298853605759503,1,NA
"396","Corynebacterium_tuberculostearicum","Ps","Ub",0.0737307638197219,0.299462062541244,1,NA
"397","Staphylococcus_caprae_capitis","Ch","Ll",0.0734841758891758,0.301085635847469,1,NA
"398","Moraxella_osloensis","Ps","Ub",-0.0730314946689396,0.304081277775717,1,NA
"399","Brevibacterium_casei","Fo","Vf",-0.0729068362244254,0.304909649563542,1,NA
"400","Cutibacterium_avidum","Sc","Ll",-0.0726914616643205,0.306344340724211,1,NA
"401","Staphylococcus_hominis","Sc","Ub",-0.0724621021682831,0.307877064553257,1,NA
"402","Malassezia_restricta","Ps","Ax",-0.0721924130631344,0.309685727256823,1,NA
"403","Cutibacterium_avidum","Ps","Ub",0.0721209649687658,0.31016605670853,1,NA
"404","Malassezia_globosa","Ps","Ax",0.0719277897602514,0.311467173032584,1,NA
"405","Corynebacterium_tuberculostearicum","Fo","Vf",0.0715295226174103,0.314160926877629,1,NA
"406","Brevibacterium_casei","Ax","Ll",-0.0713396112428887,0.315450766050514,1,NA
"407","Corynebacterium_tuberculostearicum","Fo","Ac",0.0708076078983513,0.319082377776036,1,NA
"408","Brevibacterium_casei","Ps","Ax",0.0705300827862946,0.320987581762837,1,NA
"409","Micrococcus_luteus","Sc","Ac",-0.0704638721400654,0.321443203887161,1,NA
"410","Malassezia_globosa","Ax","Ac",-0.0703620958905027,0.322144384117728,1,NA
"411","Micrococcus_luteus","Ch","Sc",0.0702126330620536,0.323175891658342,1,NA
"412","Corynebacterium_tuberculostearicum","Ax","Ll",-0.0701873413881104,0.323350651575364,1,NA
"413","Cutibacterium_avidum","Fo","Ac",-0.0694992610437288,0.328128581523808,1,NA
"414","Malassezia_globosa","Ax","Sc",0.0691594703022473,0.330504717201868,1,NA
"415","Streptococcus_mitis_oralis_pneumoniae","Fo","Sc",0.0690722251562223,0.33111659567132,1,NA
"416","Malassezia_globosa","Fo","Ac",0.0684521491556256,0.335486319391685,1,NA
"417","Cutibacterium_avidum","Ps","Ch",0.0682739648611911,0.336748783290587,1,NA
"418","Staphylococcus_hominis","Sc","Ac",-0.0681052990196373,0.33794659710295,1,NA
"419","Finegoldia_magna","Sc","Ub",0.0678608959379433,0.339687086640771,1,NA
"420","Moraxella_osloensis","Ch","Vf",-0.0666473950798744,0.348413167046661,1,NA
"421","Streptococcus_mitis_oralis_pneumoniae","Ac","Ub",0.0658048398388247,0.354554238580558,1,NA
"422","Cutibacterium_granulosum","Ps","Ax",-0.0646981892865836,0.362722568244576,1,NA
"423","Cutibacterium_acnes","Sc","Vf",0.0645722111636685,0.363659785099133,1,NA
"424","Corynebacterium_tuberculostearicum","Ax","Sc",0.0640785975724855,0.367346498488002,1,NA
"425","Corynebacterium_pseudogenitalium","Fo","Ll",-0.0638720383719585,0.368896087492734,1,NA
"426","Corynebacterium_pseudogenitalium","Ch","Ub",0.0630657174736368,0.37498356863918,1,NA
"427","Finegoldia_magna","Ps","Fo",0.0623988597322331,0.380064405452458,1,NA
"428","Corynebacterium_pseudogenitalium","Fo","Vf",-0.0619731979525564,0.383329400691532,1,NA
"429","Cutibacterium_granulosum","Ps","Ll",-0.061567684481446,0.386455653957631,1,NA
"430","Staphylococcus_epidermidis","Ax","Sc",0.0611724232835765,0.389517684078128,1,NA
"431","Moraxella_osloensis","Fo","Sc",0.0609004492175744,0.391633108126694,1,NA
"432","Staphylococcus_hominis","Fo","Sc",-0.0608438786312713,0.39207398386852,1,NA
"433","Corynebacterium_pseudogenitalium","Ax","Vf",0.060402967967666,0.395520393724721,1,NA
"434","Staphylococcus_hominis","Sc","Vf",-0.0589406241651518,0.407080280199371,1,NA
"435","Corynebacterium_kroppenstedtii","Fo","Sc",-0.0585300971739864,0.41036111007023,1,NA
"436","Streptococcus_mitis_oralis_pneumoniae","Sc","Ac",-0.0582705508224886,0.412443361065515,1,NA
"437","Malassezia_globosa","Fo","Ub",-0.0580436155647808,0.414269067391619,1,NA
"438","Corynebacterium_tuberculostearicum","Ax","Ub",-0.0579455262639631,0.415059667256049,1,NA
"439","Corynebacterium_tuberculostearicum","Fo","Ll",-0.057914893023333,0.415306752420148,1,NA
"440","Cutibacterium_granulosum","Fo","Ll",0.0574003424213555,0.419469949797656,1,NA
"441","Malassezia_restricta","Ax","Fo",-0.0570159247354128,0.4225960803879,1,NA
"442","Malassezia_globosa","Sc","Ll",0.0567886050619367,0.424451026284819,1,NA
"443","Corynebacterium_tuberculostearicum","Ps","Ax",0.056479667457152,0.426979536898742,1,NA
"444","Staphylococcus_caprae_capitis","Ps","Vf",0.0562833950904551,0.428590450223723,1,NA
"445","Moraxella_osloensis","Sc","Ac",-0.0561856048230696,0.429394375447338,1,NA
"446","Staphylococcus_hominis","Fo","Ch",0.056159840224239,0.429606328612918,1,NA
"447","Finegoldia_magna","Fo","Ac",0.0560920343589249,0.430164423570129,1,NA
"448","Moraxella_osloensis","Ax","Sc",0.0556349948631496,0.433937095312371,1,NA
"449","Corynebacterium_kroppenstedtii","Ax","Vf",-0.0554933608551345,0.435110065861544,1,NA
"450","Moraxella_osloensis","Ax","Fo",0.0548905915119426,0.440122285931438,1,NA
"451","Finegoldia_magna","Ac","Ub",-0.0543767520679615,0.444420856964675,1,NA
"452","Corynebacterium_tuberculostearicum","Ax","Ch",0.0541599046413456,0.446242023462794,1,NA
"453","Finegoldia_magna","Ch","Vf",0.0537838329632252,0.449410391343337,1,NA
"454","Cutibacterium_avidum","Ax","Sc",0.0537756416117925,0.449479543293289,1,NA
"455","Cutibacterium_granulosum","Ch","Ll",0.0530091090578355,0.455977106632784,1,NA
"456","Streptococcus_mitis_oralis_pneumoniae","Vf","Ub",0.0528843309982863,0.457039735851661,1,NA
"457","Cutibacterium_acnes","Ax","Ch",-0.0518199726991862,0.46615987681604,1,NA
"458","Staphylococcus_epidermidis","Sc","Ac",0.0515948892402021,0.468101308925413,1,NA
"459","Staphylococcus_hominis","Ax","Ub",-0.05147757631531,0.469114937469663,1,NA
"460","Corynebacterium_pseudogenitalium","Sc","Ub",-0.0512636612182942,0.470966343320157,1,NA
"461","Staphylococcus_hominis","Fo","Vf",0.0509616807136031,0.473586740328537,1,NA
"462","Malassezia_globosa","Sc","Vf",0.0506038506542153,0.476702036805477,1,NA
"463","Corynebacterium_tuberculostearicum","Sc","Ub",0.0502813905633397,0.479518913039369,1,NA
"464","Corynebacterium_kroppenstedtii","Ax","Ll",-0.0500665418814994,0.48140073258723,1,NA
"465","Finegoldia_magna","Ax","Sc",-0.049666075395104,0.484918964624411,1,NA
"466","Staphylococcus_epidermidis","Ps","Ax",-0.049627126841605,0.485261876697007,1,NA
"467","Streptococcus_mitis_oralis_pneumoniae","Vf","Ac",0.0491411691456854,0.489551294824622,1,NA
"468","Malassezia_globosa","Ax","Ll",0.0490288328188177,0.490545731897635,1,NA
"469","Cutibacterium_avidum","Sc","Vf",-0.0489569622097228,0.491182518355833,1,NA
"470","Corynebacterium_tuberculostearicum","Sc","Ac",-0.0489552906523753,0.49119733389442,1,NA
"471","Cutibacterium_acnes","Ax","Fo",-0.0484374223617435,0.495798810284855,1,NA
"472","Corynebacterium_tuberculostearicum","Ch","Vf",0.0478603179574328,0.500953399639215,1,NA
"473","Brevibacterium_casei","Ch","Vf",0.047712320350386,0.502279812500624,1,NA
"474","Malassezia_globosa","Ax","Vf",-0.0473672836647118,0.505379311836588,1,NA
"475","Streptococcus_mitis_oralis_pneumoniae","Sc","Ub",0.0473068902880622,0.505922857749224,1,NA
"476","Dermabacter_sp_HFH0086","Ps","Ax",-0.0466170494825901,0.512153082461622,1,NA
"477","Micrococcus_luteus","Ps","Ch",0.0464584363902097,0.513591174414694,1,NA
"478","Brevibacterium_casei","Ch","Ac",0.0462553597889799,0.515435442386555,1,NA
"479","Staphylococcus_caprae_capitis","Ax","Ub",-0.0457026207752982,0.520472443109654,1,NA
"480","Moraxella_osloensis","Ax","Vf",-0.0446849455255388,0.529811709931962,1,NA
"481","Cutibacterium_granulosum","Ax","Ac",0.0440838826409277,0.535367129346614,1,NA
"482","Cutibacterium_granulosum","Fo","Ac",0.041964376348222,0.555186616741981,1,NA
"483","Staphylococcus_epidermidis","Ps","Fo",0.0416519849566947,0.558137587441621,1,NA
"484","Malassezia_globosa","Ax","Ch",-0.0415871020073588,0.558751445008748,1,NA
"485","Moraxella_osloensis","Ps","Ch",0.0415030866409835,0.559546797641905,1,NA
"486","Malassezia_globosa","Ps","Ch",-0.0412963952454223,0.561505810658821,1,NA
"487","Staphylococcus_caprae_capitis","Ps","Ac",0.0408009918201818,0.566214579740261,1,NA
"488","Streptococcus_mitis_oralis_pneumoniae","Ch","Ac",0.040301786073226,0.570978428356371,1,NA
"489","Staphylococcus_caprae_capitis","Ax","Vf",0.0402644201973184,0.571335765909177,1,NA
"490","Corynebacterium_kroppenstedtii","Ax","Sc",-0.0397364716448373,0.576395897335774,1,NA
"491","Brevibacterium_casei","Ps","Ch",0.0392511075754974,0.581066305321646,1,NA
"492","Finegoldia_magna","Fo","Sc",0.0392313776822718,0.581256527048801,1,NA
"493","Finegoldia_magna","Ax","Ch",-0.0392149632092942,0.581414805858144,1,NA
"494","Corynebacterium_kroppenstedtii","Sc","Ub",0.038401294147496,0.589285670786542,1,NA
"495","Malassezia_globosa","Sc","Ac",0.0383739240566503,0.589551275784284,1,NA
"496","Finegoldia_magna","Ch","Ac",0.0381803193078254,0.591431618265459,1,NA
"497","Finegoldia_magna","Ps","Ax",0.0379401512499339,0.593767989415301,1,NA
"498","Brevibacterium_casei","Sc","Vf",0.0378235796450193,0.594903514752629,1,NA
"499","Corynebacterium_pseudogenitalium","Ax","Ub",0.0376289619156447,0.59680147802579,1,NA
"500","Micrococcus_luteus","Ax","Ll",0.0370468055316448,0.602495076735284,1,NA
"501","Corynebacterium_tuberculostearicum","Ps","Vf",-0.0369989122962794,0.602964560552101,1,NA
"502","Streptococcus_mitis_oralis_pneumoniae","Ch","Sc",-0.0367925083348599,0.604989746637698,1,NA
"503","Cutibacterium_granulosum","Fo","Vf",0.0361308592575326,0.611501988158233,1,NA
"504","Dermabacter_sp_HFH0086","Ax","Ub",0.03607641662736,0.612039205833241,1,NA
"505","Cutibacterium_avidum","Ps","Ax",-0.0346477954197165,0.62620957510182,1,NA
"506","Corynebacterium_pseudogenitalium","Ps","Fo",0.0345878394090601,0.626807328139226,1,NA
"507","Moraxella_osloensis","Ax","Ll",-0.0333274152944233,0.639429396203504,1,NA
"508","Corynebacterium_tuberculostearicum","Ps","Ac",-0.0332595298786299,0.640112202944655,1,NA
"509","Corynebacterium_tuberculostearicum","Ch","Sc",-0.0332079300828612,0.640631407688368,1,NA
"510","Micrococcus_luteus","Ps","Fo",0.0326114534191023,0.64664586354592,1,NA
"511","Moraxella_osloensis","Ch","Ac",-0.0322116514240996,0.650690083404894,1,NA
"512","Staphylococcus_caprae_capitis","Ax","Ch",0.032077970666354,0.652044626280229,1,NA
"513","Staphylococcus_epidermidis","Ax","Ub",0.0320245528119787,0.65258621075082,1,NA
"514","Malassezia_restricta","Ax","Ub",-0.031909330106658,0.653755031147683,1,NA
"515","Moraxella_osloensis","Ps","Ax",-0.0312196806054679,0.660768390367649,1,NA
"516","Cutibacterium_granulosum","Ps","Ac",-0.0311581969958289,0.661395094317349,1,NA
"517","Finegoldia_magna","Sc","Vf",-0.0310763051112424,0.662230186117015,1,NA
"518","Corynebacterium_pseudogenitalium","Ch","Sc",0.0298837934054779,0.674437608790188,1,NA
"519","Corynebacterium_pseudogenitalium","Ps","Ax",0.0296316061958756,0.677030247243612,1,NA
"520","Malassezia_globosa","Ch","Ac",-0.0283011428821236,0.6907705479107,1,NA
"521","Finegoldia_magna","Ps","Vf",-0.0280489359651814,0.693386811421561,1,NA
"522","Malassezia_globosa","Vf","Ub",0.0278768531786392,0.695173995536208,1,NA
"523","Corynebacterium_pseudogenitalium","Ps","Ch",0.0275655252628815,0.698411594133644,1,NA
"524","Streptococcus_mitis_oralis_pneumoniae","Fo","Vf",0.0268027235290172,0.706367160506146,1,NA
"525","Staphylococcus_hominis","Ch","Sc",-0.0265655240117856,0.708847562105231,1,NA
"526","Staphylococcus_hominis","Ps","Ch",-0.0264525597153938,0.710029912479542,1,NA
"527","Corynebacterium_kroppenstedtii","Ax","Fo",0.0248419752603569,0.726961387221239,1,NA
"528","Corynebacterium_pseudogenitalium","Ax","Fo",0.0235822655181705,0.740297589479229,1,NA
"529","Finegoldia_magna","Ax","Ub",-0.0233226290197538,0.743056097104435,1,NA
"530","Malassezia_globosa","Ch","Ll",-0.023213315920012,0.744218476363373,1,NA
"531","Micrococcus_luteus","Sc","Ub",-0.0215044273984935,0.762463581675606,1,NA
"532","Staphylococcus_hominis","Ax","Ll",-0.0214637868722565,0.762899128054719,1,NA
"533","Staphylococcus_hominis","Fo","Ac",0.0208926870287116,0.769027451943434,1,NA
"534","Corynebacterium_tuberculostearicum","Ch","Ll",-0.0199828804947921,0.778819851985893,1,NA
"535","Staphylococcus_caprae_capitis","Sc","Ll",-0.019788707480954,0.780914346639565,1,NA
"536","Dermabacter_sp_HFH0086","Ps","Ll",-0.0196778359879106,0.782110998033466,1,NA
"537","Finegoldia_magna","Ax","Fo",0.0185879746557941,0.793900857076962,1,NA
"538","Malassezia_globosa","Vf","Ac",0.0177326566877694,0.803186472908335,1,NA
"539","Streptococcus_mitis_oralis_pneumoniae","Ps","Vf",0.0173499269656121,0.807350544123672,1,NA
"540","Streptococcus_mitis_oralis_pneumoniae","Ax","Sc",-0.0167828285177048,0.813530474109285,1,NA
"541","Dermabacter_sp_HFH0086","Ax","Ac",-0.0165607175989196,0.815954083907626,1,NA
"542","Corynebacterium_pseudogenitalium","Fo","Ac",0.0163928914434117,0.817786514996617,1,NA
"543","Cutibacterium_acnes","Ax","Ub",0.0163529011827592,0.818223299924648,1,NA
"544","Finegoldia_magna","Vf","Ll",0.0162232149732097,0.819640153981648,1,NA
"545","Dermabacter_sp_HFH0086","Ac","Ll",-0.0160267350278667,0.82178785841125,1,NA
"546","Moraxella_osloensis","Ax","Ub",0.0153281483851639,0.829434679859577,1,NA
"547","Malassezia_globosa","Ch","Vf",-0.0144220850720104,0.839376402003234,1,NA
"548","Corynebacterium_kroppenstedtii","Ps","Fo",-0.0139915038526694,0.844109960030601,1,NA
"549","Corynebacterium_tuberculostearicum","Sc","Vf",0.0136940648584314,0.847383106965803,1,NA
"550","Malassezia_globosa","Ps","Ac",-0.0129003851060456,0.856129748661145,1,NA
"551","Corynebacterium_tuberculostearicum","Ax","Fo",-0.0128295274507768,0.856911495906924,1,NA
"552","Corynebacterium_pseudogenitalium","Ax","Sc",-0.0128051389362193,0.857180597959738,1,NA
"553","Moraxella_osloensis","Sc","Ub",0.0126465702890719,0.858930639527078,1,NA
"554","Staphylococcus_caprae_capitis","Ax","Ll",0.0126454177937389,0.858943361561204,1,NA
"555","Malassezia_globosa","Ac","Ll",0.0124947049039449,0.860607345787481,1,NA
"556","Staphylococcus_hominis","Ax","Sc",0.0124753387838178,0.860821207088068,1,NA
"557","Staphylococcus_hominis","Ps","Ax",-0.0116328164683808,0.870134831006632,1,NA
"558","Moraxella_osloensis","Sc","Ll",-0.010772458247578,0.879664095346119,1,NA
"559","Micrococcus_luteus","Fo","Sc",-0.0107645458442468,0.879751815029156,1,NA
"560","Brevibacterium_casei","Fo","Ub",0.0104431034078939,0.883316665362743,1,NA
"561","Malassezia_globosa","Ps","Vf",-0.0102567526627019,0.885384405290709,1,NA
"562","Corynebacterium_pseudogenitalium","Ub","Ll",0.0102152938558486,0.885844536300834,1,NA
"563","Malassezia_globosa","Ax","Fo",0.0100233206203544,0.887975648879314,1,NA
"564","Cutibacterium_granulosum","Ps","Ch",-0.0098127842204647,0.89031375663765,1,NA
"565","Dermabacter_sp_HFH0086","Ub","Ll",0.00978972340398551,0.890569915978946,1,NA
"566","Streptococcus_mitis_oralis_pneumoniae","Vf","Ll",-0.00856528840661661,0.904186554317324,1,NA
"567","Malassezia_globosa","Ps","Ll",-0.00844921375433189,0.905478907656752,1,NA
"568","Staphylococcus_hominis","Fo","Ub",0.00768197620734789,0.914027276588599,1,NA
"569","Cutibacterium_acnes","Ps","Ax",0.00755742042363727,0.915416003989991,1,NA
"570","Streptococcus_mitis_oralis_pneumoniae","Ax","Vf",-0.00715158915603043,0.919942551763534,1,NA
"571","Dermabacter_sp_HFH0086","Ps","Fo",0.0071244342211893,0.92024552515416,1,NA
"572","Cutibacterium_avidum","Ps","Fo",-0.00692439719656582,0.922477732050258,1,NA
"573","Moraxella_osloensis","Ax","Ac",-0.00579926906890826,0.935043795185192,1,NA
"574","Malassezia_globosa","Sc","Ub",-0.00543836465665725,0.939078133597062,1,NA
"575","Staphylococcus_epidermidis","Ax","Fo",0.00498864998616968,0.944107390273619,1,NA
"576","Staphylococcus_epidermidis","Ax","Ch",0.00473517073321622,0.946943091207229,1,NA
"577","Corynebacterium_tuberculostearicum","Ax","Vf",-0.00441202941389682,0.950559072230712,1,NA
"578","Brevibacterium_casei","Sc","Ub",0.00426072424310959,0.952252542855182,1,NA
"579","Dermabacter_sp_HFH0086","Ps","Ac",-0.00413398105824813,0.953671270504247,1,NA
"580","Brevibacterium_casei","Fo","Ac",0.00341855472352252,0.96168215534673,1,NA
"581","Corynebacterium_kroppenstedtii","Ch","Sc",-0.00325981278310187,0.963460194582743,1,NA
"582","Dermabacter_sp_HFH0086","Vf","Ac",0.00292320257520311,0.967231089362393,1,NA
"583","Malassezia_globosa","Ch","Sc",0.00268598713680015,0.969888950480067,1,NA
"584","Staphylococcus_epidermidis","Ps","Ch",0.00248111909791165,0.972184645990536,1,NA
"585","Brevibacterium_casei","Ch","Ll",0.00242150495421441,0.972852709666381,1,NA
"586","Staphylococcus_caprae_capitis","Ps","Ll",0.00227491277443917,0.974495568884932,1,NA
"587","Dermabacter_sp_HFH0086","Ax","Vf",-0.00227487793085069,0.974495959390223,1,NA
"588","Cutibacterium_granulosum","Ch","Sc",-0.00215179417262408,0.975875442864257,1,NA
"589","Staphylococcus_hominis","Ch","Ll",-0.00211909472916392,0.976241939997095,1,NA
"590","Moraxella_osloensis","Ch","Ll",-0.00177992807031181,0.980043617702376,1,NA
"591","Moraxella_osloensis","Ps","Fo",0.000474509783609853,0.994679330484306,1,NA
"592","Malassezia_globosa","Ax","Ub",-0.000105171680137008,0.998820703628433,1,NA
"593","Streptococcus_mitis_oralis_pneumoniae","Ps","Sc",0,1,1,NA
"594","Dermabacter_sp_HFH0086","Ps","Vf",0,1,1,NA
"595","Dermabacter_sp_HFH0086","Ps","Ub",0,1,1,NA
"596","Dermabacter_sp_HFH0086","Fo","Vf",0,1,1,NA
"597","Dermabacter_sp_HFH0086","Fo","Ub",0,1,1,NA
